Question,Answer
What is a nature retreat?,A nature retreat is a getaway focused on relaxation and healing in natural surroundings.
How can power foods improve health?,"Power foods are nutrient-rich and can boost immunity, energy, and overall well-being."
What are the benefits of yoga?,"Yoga improves flexibility, reduces stress, and enhances mental clarity."
What is voodoo healing?,Voodoo healing involves spiritual rituals and beliefs aimed at restoring balance and health.
How does mindfulness help mental health?,"Mindfulness reduces stress, improves focus, and promotes emotional regulation."
What is aromatherapy?,Aromatherapy uses essential oils from plants to improve physical and emotional well-being.
How can meditation reduce stress?,"Meditation calms the mind, lowers cortisol levels, and promotes relaxation."
What is the benefit of green tea?,Green tea is rich in antioxidants and can improve brain function and fat burning.
How does acupuncture work?,Acupuncture involves inserting thin needles into specific body points to balance energy flow.
What is forest bathing?,Forest bathing is the practice of immersing oneself in nature to reduce stress and improve health.
What are the benefits of turmeric?,"Turmeric contains curcumin, which has strong anti-inflammatory and antioxidant properties."
How does deep breathing help?,"Deep breathing increases oxygen exchange, lowers blood pressure, and reduces anxiety."
What is Reiki?,Reiki is a form of energy healing that promotes relaxation and stress reduction.
How can ginger help with nausea?,Ginger compounds speeds up stomach emptying and blocks serotonin receptors in the gut.
What is the purpose of a detox diet?,A detox diet aims to eliminate toxins from the body and improve overall health.
How does sleep affect healing?,"Sleep allows the body to repair cells, consolidate memory, and regulate hormones."
What is reflexology?,Reflexology involves applying pressure to specific points on the feet or hands to affect other body parts.
What are the benefits of chamomile tea?,"Chamomile tea promotes sleep, reduces anxiety, and aids digestion."
How does sunlight improve mood?,"Sunlight exposure triggers serotonin production, which boosts mood and focus."
What is holistic health?,"Holistic health considers the whole person—body, mind, spirit, and emotions—in the quest for optimal health."
What is Echinacea used for?,Echinacea is commonly used to boost the immune system and fight the common cold.
How does Peppermint Oil help digestion?,"Peppermint oil relaxes the muscles of the GI tract, relieving bloating and gas."
What is the primary benefit of Lavender essential oil?,"Lavender is widely used to promote relaxation, reduce anxiety, and improve sleep quality."
What is Ashwagandha?,Ashwagandha is an adaptogenic herb that helps the body manage stress and anxiety.
How does Aloe Vera help the skin?,"Aloe vera soothes sunburn, moisturizes skin, and accelerates wound healing."
What are the benefits of Elderberry?,Elderberry is rich in antioxidants and vitamins that may boost immunity and reduce inflammation.
What is Valerian Root used for?,Valerian root is a natural sedative used to treat insomnia and anxiety.
How does Eucalyptus oil help respiratory health?,"Eucalyptus oil acts as a decongestant and expectorant, helping to clear mucus from the lungs."
What is the healing property of Manuka Honey?,Manuka honey has potent antibacterial and antiviral properties used for wound healing and sore throats.
What is Milk Thistle used for?,Milk thistle is commonly used to support liver health and detoxification.
How does Arnica help with injuries?,"Arnica is used topically to reduce bruising, swelling, and pain from soft tissue injuries."
What are the benefits of Holy Basil (Tulsi)?,Holy Basil is an adaptogen that helps the body cope with stress and boosts immunity.
What is Calendula used for?,"Calendula is used topically to treat skin inflammation, cuts, and minor burns."
How does Lemon Balm affect mood?,"Lemon balm acts as a mild sedative to reduce stress, anxiety, and improve sleep."
What is the benefit of Nettle tea?,Nettle tea is a natural antihistamine often used to relieve seasonal allergy symptoms.
What is Earthing (Grounding)?,Earthing involves direct physical contact with the ground to transfer the earth's electrons into the body.
What is Hydrotherapy?,Hydrotherapy uses water at varying temperatures for pain relief and treating illness.
What is Ayurveda?,Ayurveda is a traditional Indian medical system focused on balancing bodily systems using diet and lifestyle.
What is the concept of 'Qi' in healing?,Qi is the vital life force energy that flows through the body in Traditional Chinese Medicine.
What is Sound Healing?,"Sound healing uses vibrations from gongs, bowls, or voice to relax the mind and body."
What is Shiatsu massage?,Shiatsu is a Japanese massage technique using finger pressure on acupuncture meridians.
What is Naturopathy?,Naturopathy emphasizes self-healing and non-invasive treatments like nutrition and herbs.
What is Homeopathy?,Homeopathy treats ailments with minute doses of natural substances that in larger amounts would produce symptoms of the ailment.
What is Craniosacral Therapy?,This therapy uses gentle touch to manipulate the joints of the skull and spine to relieve stress.
What is 'Oil Pulling'?,Oil pulling involves swishing oil in the mouth to remove bacteria and promote oral hygiene.
What is Dry Brushing?,Dry brushing exfoliates skin and stimulates the lymphatic system to aid detoxification.
What is Contrast Shower therapy?,Alternating hot and cold water in a shower to boost circulation and immunity.
What is Crystal Healing?,Crystal healing uses semi-precious stones to re-align energy channels in the body.
What is Tai Chi?,Tai Chi is a martial art known as 'moving meditation' that improves balance and reduces stress.
What is Qigong?,"Qigong integrates posture, breathing, and intention to cultivate life energy (Qi)."
What are adaptogens?,Adaptogens are herbs/mushrooms that help the body resist stressors of all kinds.
What is the benefit of fermented foods?,Fermented foods like sauerkraut provide probiotics that support gut health.
Why is hydration crucial for healing?,"Water is essential for flushing toxins, transporting nutrients, and regulating body temperature."
What is a plant-based diet?,"A diet consisting mostly or entirely of foods derived from plants, linked to lower chronic disease risk."
What are anti-inflammatory foods?,"Foods like berries, fatty fish, and leafy greens that reduce inflammation in the body."
What is the benefit of bone broth?,"Bone broth is rich in collagen and minerals that support joint, skin, and gut health."
What is intermittent fasting?,An eating pattern that cycles between periods of fasting and eating to improve metabolic health.
How does sugar affect the immune system?,Excess sugar can suppress immune system cells responsible for attacking bacteria.
What is the 'Gut-Brain Axis'?,The bidirectional communication network linking the emotional and cognitive centers of the brain with intestinal functions.
What are antioxidants?,"Molecules that fight free radicals in the body, preventing cellular damage."
What is the benefit of Omega-3 fatty acids?,Omega-3s are essential fats that reduce inflammation and support heart and brain health.
What is Apple Cider Vinegar used for?,"ACV is used to improve digestion, blood sugar regulation, and antimicrobial skin support."
What is the benefit of Spirulina?,"Spirulina is a nutrient-dense algae high in protein, vitamins, and antioxidants."
What is Chlorella?,Chlorella is a freshwater algae that aids in heavy metal detoxification.
What are healing mushrooms?,Mushrooms like Reishi and Lion's Mane that support immunity and cognitive function.
What is Art Therapy?,"Using creative expression to explore emotions, reduce anxiety, and resolve conflict."
What is Journaling for health?,"Writing down thoughts to process emotions, reduce stress, and gain self-awareness."
What is a Digital Detox?,Taking a break from electronic devices to reduce stress and improve sleep and focus.
What is Positive Affirmation?,Repeating positive statements to challenge negative thoughts and boost self-esteem.
What is Breathwork?,"Conscious control of breathing patterns to influence mental, emotional, or physical state."
What is Guided Imagery?,A relaxation technique focusing on mental images to evoke feelings of calm.
What is Ecotherapy?, Therapeutic interventions that involve being in nature to improve mental health.
What is the 4-7-8 breathing technique?,A rhythmic breathing pattern used to reduce anxiety and help people fall asleep.
What is laughter yoga?,A practice involving prolonged voluntary laughter to release endorphins and reduce stress.
What is color therapy (Chromotherapy)?,Using color and light to balance energy and treat physical/mental health issues.
What is Feng Shui for health?,"Arranging your environment to harmonize energy flow, promoting health and well-being."
What are Himalayan Salt Lamps used for?,They are believed to purify air and improve mood through the release of negative ions.
What is the benefit of beeswax candles?,Beeswax candles burn cleaner than paraffin and may help purify indoor air.
What is a Circadian Rhythm?,The body's natural 24-hour cycle that regulates sleep-wake patterns and hormone release.
What is Blue Light toxicity?,Excessive blue light from screens can disrupt sleep patterns and cause eye strain.
What is a 'Healing Crisis'?,A temporary worsening of symptoms as the body expels toxins during a healing process.
What is Frankincense used for?,"Frankincense oil is used to reduce stress, improve skin, and reduce inflammation."
What is Tea Tree Oil used for?,Tea tree oil has strong antifungal and antibacterial properties for skin conditions.
What is Myofascial Release?,Therapy focusing on releasing muscular shortness and tightness in the fascia.
What is Cupping Therapy?,"Placing cups on the skin to create suction, increasing blood flow and relieving tension."
What is Moxibustion?,A TCM therapy burning dried mugwort on particular points on the body.
What is Biofeedback?,A technique learning to control bodily functions like heart rate to improve health.
What is a Sitz Bath?,A warm shallow bath used to heal the perineum and relieve hemorrhoid discomfort.
What is Cold Water Immersion?,Immersing the body in cold water to speed up recovery and reduce muscle soreness.
What is Red Light Therapy?,Using low-level red light wavelengths to treat skin issues and reduce inflammation.
What is grounding mat therapy?,Using conductive mats to simulate the electrical connection with the earth indoors.
What is Palo Santo used for?,Burning Palo Santo wood is used to clear negative energy and promote healing.
What is Sage Smudging?,Burning sage to cleanse a space of negative energy and bacteria.
What is Hypnotherapy?,Guided hypnosis to create a state of focused attention for healing and behavior change.
What is Feldenkrais Method?,A somatic educational method to improve movement and awareness.
What is Alexander Technique?,An educational process to retrain habitual patterns of movement and posture.
