Category,Topic,Recommendation,Practical Tips,Safety Notes
Cognitive Health,Mental Stimulation,Engage brain daily with challenging activities,"Puzzles, reading, learning new skills, strategy games, writing","Consult doctor for memory loss, confusion, getting lost"
Cognitive Health,Lifelong Learning,Continue education through classes and programs,"Community college, online courses, library programs, museum training",
Cognitive Health,Memory Strategies,Use practical techniques for memory support,"Calendars, routines, smartphone reminders, organized spaces",
Diet & Nutrition,Balanced Diet,Follow Mediterranean-style eating pattern,"3-5 vegetables, 2-3 fruits, whole grains, lean protein, healthy fats",
Diet & Nutrition,Protein & Calcium,"1.0-1.2g protein per kg body weight, 1200mg calcium","Protein at every meal, dairy, fortified foods, supplements if needed",
Diet & Nutrition,Reduce Processed,"Minimize processed foods, sugar, sodium","Under 2300mg sodium, limit added sugars, avoid trans fats",
Emotional Health,Depression & Anxiety,Recognize and treat (not normal aging),"Exercise, social connection, therapy, medication if needed","Seek help for suicidal thoughts, persistent hopelessness"
Emotional Health,Stress Management,Develop healthy coping mechanisms,"Deep breathing, meditation, nature, music, limit news",
Emotional Health,Purpose & Joy,Find meaning through contribution and passion,"Volunteer, mentor, creative hobbies, family engagement",
Exercise,Aerobic Exercise,150 min moderate weekly,"Walking, swimming, cycling, dancing, chair exercises","Consult doctor before starting, stop if pain/dizziness"
Exercise,Strength Training,2-3 times weekly,"Resistance bands, light weights, body weight exercises",
Exercise,Balance & Flexibility,Daily practice,"Tai Chi, yoga, standing balance, stretching",
Family Relations,Family Bonds,Regular contact and connection,"Phone/video calls, family events, share stories and history",
Family Relations,Grandparenting,Build meaningful relationships with grandchildren,"Respect parents' rules, create traditions, teach skills, record memories",
Family Relations,Adult Children,Navigate changing dynamics with open communication,"Maintain independence, discuss preferences, accept help graciously",
Financial Security,Budget Management,Create realistic budget on fixed income,"Track sources and expenses, seek discounts, consider downsizing",
Financial Security,Fraud Prevention,Protect against scams,"Never share personal info unsolicited, hang up on scams, shred documents",Report fraud to police and Adult Protective Services
Financial Security,Assistance Programs,Access available benefits,"Medicare Extra Help, SNAP, LIHEAP, property tax relief",
Healthcare,Preventive Care,Regular screenings and check-ups,"Annual physical, BP, cholesterol, diabetes, cancer screenings",
Healthcare,Vaccinations,Stay current on vaccines,"Annual flu, COVID boosters, pneumonia, shingles, Tdap, RSV",
Healthcare,Chronic Disease,Active disease management,"Track vitals, symptom diary, follow treatment, attend appointments",
Sleep,Sleep Hygiene,7-8 hours nightly,"Consistent schedule, dark/cool room, limit naps, avoid screens",
Sleep,Sleep Disorders,Address treatable conditions,"Treat sleep apnea, insomnia, restless legs","See doctor for snoring, insomnia 3+ nights weekly"
Social Life,Social Connections,Maintain strong networks,"Weekly contact, senior center, clubs, volunteer, classes",
Social Life,Make New Friends,Cultivate new friendships,"Senior centers, religious groups, exercise classes, hobby groups",
Technology,Digital Skills,Learn essential technology,"Smartphone, video calling, email, online banking, patient portals",
Technology,Learning Resources,Use available training,"Library classes, senior centers, Apple stores, YouTube, family",
